dp [mm],dB(GainTotal) [],,Freq [GHz],,
0.1,9.425105342,,20,,
0.1,8.42386752,,21,,
0.2,9.94311849,,20,,
0.2,9.742103567,,21,,
0.3,9.815487383,,20,,
0.3,10.28372668,,21,,
3.5,10.58667754,,20,,
3.5,,10.12324361,21,,
